model,regret
LS,71681.11893578037
GD,30918.017665523344
NM,61406.91301644216
