model,regret
LS,164408.02319424495
GD,124102.46953632077
NM,-523688.42582141794
