model,train_cost,test_cost,train_mse,test_mse
LS,12201.425828390737,10880.86404190341,0.22752833366394043,0.21531635522842407
GD,12207.66692133576,10901.478790061961,0.5692824125289917,0.5613021850585938
