run,I,n_layers,n_params,time_ls,yerr_ls_train,cost_ls_train,yerr_ls_test,cost_ls_test,time_bl,yerr_bl_train,cost_bl_train,yerr_bl_test,cost_bl_test,time_nm,yerr_nm_train,cost_nm_train,yerr_nm_test,cost_nm_test,time_gd,yerr_gd_train,cost_gd_train,yerr_gd_test,cost_gd_test
1,2,0,10,0.1950838565826416,8.250225,-324.181961406072,9.244302,-124.2386880350113,0.21367096900939941,20.826900482177734,-336.30198360443114,23.00566864013672,-136.55916070461274,88.84066390991211,21.007858276367188,-336.17961659113564,23.269895553588867,-137.01564493656159,600.0089709758759,21.768702,-336.2259856096903,24.619602,-136.95684890270232
1,10,0,50,0.03136181831359863,8.551682,-736.4131444213291,9.941535,-462.7457067027688,1.270056962966919,23.171363830566406,-801.7984768732886,27.660999298095703,-516.3909928096831,629.3921318054199,22.7540225982666,-802.8993287532031,26.232959747314453,-522.1474284231663,600.1226599216461,23.646513,-802.395080700467,27.005394,-520.9424457323552
1,20,0,100,0.06161808967590332,8.894434,-2108.929360895157,10.448305,-1496.6517953044176,2.991708993911743,23.53695297241211,-2240.0882113572457,25.612871170043945,-1640.0177199679613,658.7180161476135,22.30742645263672,-2234.1752278630934,24.342987060546875,-1626.8598909693956,600.1753900051117,24.111828,-2239.694095960309,25.71329,-1636.2910959035157
1,50,0,250,0.1441640853881836,8.909662,-5024.036927483231,9.546358,-2925.8215795217457,9.52224588394165,24.093830108642578,-5362.945046883623,26.706846237182617,-3240.380942630172,758.5924530029297,9.494646072387695,-5145.022348935753,10.206857681274414,-3049.11795382604,600.1581220626831,27.244383,-5345.823187149117,27.158037,-3213.614886384755
1,100,0,500,0.3097081184387207,8.764417,-9695.267554263373,10.031203,-6573.305822074712,24.209544897079468,23.01841163635254,-10358.269009741247,23.41209602355957,-7321.362894107998,NaN,NaN,NaN,NaN,NaN,600.1009340286255,27.927895,-10319.003838030398,52.065002,-7259.455635491609
1,500,0,2500,1.6355419158935547,8.831616,-46292.272910485815,10.008232,-28230.513142821044,NaN,NaN,NaN,NaN,NaN,NaN,NaN,NaN,NaN,NaN,601.4325029850006,40.32738,-49431.221745608695,98.69807,-31326.223279557078
1,1000,0,5000,3.228050947189331,8.805433,-97536.83130353525,10.0243435,-62875.47707065091,NaN,NaN,NaN,NaN,NaN,NaN,NaN,NaN,NaN,NaN,608.7835359573364,22.138405,-103921.07932403163,22.053102,-69198.45498771832
