model,regret
LS,342.95925934909064
GD,361.9277037602942
NM,351.4908924292149
