model,train_cost,test_cost,train_mse,test_mse
LS,14578.354798364779,9367.989390837127,0.16806182265281677,0.17039766907691956
GD,14550.716023733316,9335.567248747482,2.5983781814575195,2.585686206817627
NM,14545.484090328328,9327.976367727631,0.27565139532089233,0.26830020546913147
