model,train_cost,test_cost,train_mse,test_mse
LS,5368.738714593641,13786.571430487953,489.1512145996094,455.9842834472656
GD,5197.8135355215445,13776.762240384365,504.54595947265625,478.7563781738281
NM,4634.12473406852,13793.486673715244,9135.7841796875,9189.634765625
