model,train_cost,test_cost,train_mse,test_mse
LS,6110.751537978466,5762.0071115173305,2.7897915840148926,2.81196928024292
GD,6092.839213605592,5738.642143627526,66.14631652832031,66.16728210449219
NM,6092.812028840377,5738.395345257462,3.0058934688568115,3.027198553085327
OPTIMAL,5816.33076447853,5470.375197162463,0.0,0.0
