model,train_cost,test_cost,train_mse,test_mse
LS,14578.27372562398,9368.08424906369,0.1680595725774765,0.1704890877008438
GD,14542.06475311822,9316.119777623486,85.6933822631836,85.68661499023438
NM,14543.610270870899,9320.747869187193,0.4153763949871063,0.4085715711116791
