model,train_cost,test_cost,train_mse,test_mse
LS,15561.849535927311,13633.340362588737,0.17717593908309937,0.15949895977973938
GD,15532.60279251501,13632.750244246903,0.4433252215385437,0.4261823296546936
NM,15527.671583600264,13629.986690541791,0.37321168184280396,0.35449737310409546
