model,train_cost,test_cost,train_mse,test_mse
LS,15750.875628105403,13816.03573876403,365.2867736816406,314.0919494628906
GD,15716.259668143226,13802.231725808058,377.6494140625,339.558349609375
NM,15653.705031910451,13683.129587655574,1483.87890625,1388.6614990234375
