model,regret
LS,291.63191435486715
GD,268.2669464650626
NM,268.02014809499906
