model,train_cost,test_cost,train_mse,test_mse
LS,11207.747190187067,11515.935361952084,9.9783296585083,10.09384822845459
GD,10362.128292707614,10572.903657532153,34.660091400146484,34.69588851928711
NM,10873.128685881178,11177.894016344231,12.027353286743164,12.140408515930176
OPTIMAL,9889.16840331974,10016.766152434722,0.0,0.0
