model,regret
LS,1499.169209517362
GD,556.1375050974311
NM,1161.127863909509
