model,train_cost,test_cost,train_mse,test_mse
LS,84637.10767815568,70021.46956403079,0.23952250182628632,0.2302284836769104
GD,83913.49019061044,69250.57175326129,1.6156904697418213,1.6135752201080322
NM,83800.85106031009,69137.48176059457,0.92520672082901,0.9241263270378113
