model,train_cost,test_cost,train_mse,test_mse
LS,79233.08974199176,66705.51758388798,0.240794837474823,0.22921918332576752
GD,78911.19703526526,66166.99140625152,0.29027530550956726,0.27661678194999695
NM,78642.47656200477,66038.90403434973,0.5417544841766357,0.5317025780677795
