model,train_cost,test_cost,train_mse,test_mse
LS,79169.38721216058,66686.10993989168,0.23952250182628632,0.2302284836769104
GD,78479.04515090564,65977.37771879678,1.676920771598816,1.6746777296066284
NM,78312.5275910188,65798.27594356617,1.659696340560913,1.6582870483398438
