model,train_cost,test_cost,train_mse,test_mse
LS,83453.26921168141,77811.32955631679,0.3381941318511963,0.2798081934452057
GD,83425.64401086532,77813.88069604959,0.3382664918899536,0.2813895046710968
NM,82347.97967454734,77590.13374028052,0.8148788213729858,0.8166947364807129
