model,regret
LS,14998.242654931542
GD,10227.269595523685
NM,10256.503457089333
