model,regret
LS,12868.116835478795
GD,5524.694793168339
NM,12329.120118792503
