model,train_cost,test_cost,train_mse,test_mse
LS,12322.059651422376,11180.98407588141,0.14667518436908722,0.18530742824077606
GD,12301.247256604172,11199.53061724463,0.1664101779460907,0.23285765945911407
