model,regret
LS,42830.18704812327
GD,32367.15841312077
NM,41508.73873913783
