model,train_cost,test_cost,train_mse,test_mse
LS,14545.666078491418,9332.84798737025,0.1406213641166687,0.15095824003219604
GD,14526.382118008476,9304.98278752115,1.5767982006072998,1.557185173034668
