model,regret
LS,10228.156800397137
GD,6093.664309551947
NM,89770.40445845772
