model,regret
LS,525.281869834449
GD,422.5436531833875
NM,539.602741858951
