I,n_layers,n_params,time_ls,yerr_ls_train,cost_ls_train,yerr_ls_test,cost_ls_test,time_bl,yerr_bl_train,cost_bl_train,yerr_bl_test,cost_bl_test,time_nm,yerr_nm_train,cost_nm_train,yerr_nm_test,cost_nm_test,time_gd,yerr_gd_train,cost_gd_train,yerr_gd_test,cost_gd_test
2,0,10,0.18539094924926758,3.656348,-111.73433869600296,4.1211147,-54.6331022644043,NaN,NaN,NaN,NaN,NaN,66.23373508453369,5.9715786,-113.83249322175979,6.643228,-56.7698034954071,60.913026094436646,3.665286,-111.84008562644323,4.1285396,-54.91256832122803
2,1,194,1.4379239082336426,3.5083847,-111.89172012408575,4.1891775,-54.133668165206906,NaN,NaN,NaN,NaN,NaN,160.82859206199646,4.1951213,-113.4019857207934,4.412807,-55.76825283050537,60.48885202407837,5.659447,-113.3197467080752,4.510296,-55.86155711174011
