model,train_cost,test_cost,train_mse,test_mse
LS,11883.500086196924,12211.072263061678,3.877845048904419,3.964780330657959
GD,11532.072115570943,11788.435401840927,28.98822593688965,29.0819149017334
NM,11531.70897681435,11788.60387014299,4.316678047180176,4.410312652587891
OPTIMAL,10381.629264360172,10573.982593659399,0.0,0.0
