model,train_cost,test_cost,train_mse,test_mse
LS,12886.600571545123,11051.164813738904,0.23952245712280273,0.23023198544979095
GD,12831.934872013442,11019.731058523495,4.5383405685424805,4.529959678649902
NM,12815.902061205848,11008.23660209488,1.9077852964401245,1.900444507598877
