model,train_cost,test_cost,train_mse,test_mse
LS,12286.2893148571,10957.192900035789,0.24091511964797974,0.22923174500465393
GD,12232.635228734674,10918.131770527385,0.7386575937271118,0.7303352355957031
NM,12225.109764550083,10911.38782676962,0.3723289668560028,0.36409276723861694
