model,train_cost,test_cost,train_mse,test_mse
LS,12616.508679712197,11297.852551249036,0.2636401355266571,0.21758201718330383
GD,12558.939954620866,11299.081762206826,0.4628990888595581,0.43759095668792725
NM,12541.22432062248,11297.033713168275,0.454664945602417,0.4341847598552704
