model,regret
LS,1637.0896694022795
GD,1214.4528081815279
NM,1214.621276483591
