model,train_cost,test_cost,train_mse,test_mse
LS,78700.76826019853,66331.50867885356,0.22808463871479034,0.2155861258506775
GD,78381.13556176655,65816.02943625339,0.25161683559417725,0.2281191498041153
