model,regret
LS,24428.95975954662
GD,20431.487534637505
NM,-105051.70550196191
